time_unix,monotonic,roll,pitch,yaw,rollspeed,pitchspeed,yawspeed
1778259559.594,1508.550,2.7943766117095947,-1.479527235031128,1.5569815635681152,-0.00013911532005295157,-0.004264175891876221,-0.00011967099271714687
1778259559.845,1508.800,2.7742063999176025,-1.4767850637435913,1.7701853513717651,-0.0010893193539232016,0.00040422676829621196,0.00021992018446326256
1778259560.095,1509.051,2.7742063999176025,-1.4767850637435913,1.7701853513717651,-0.0010893193539232016,0.00040422676829621196,0.00021992018446326256
1778259560.346,1509.302,2.7741177082061768,-1.476793885231018,1.7701233625411987,-0.00019333581440150738,0.0005028305458836257,0.0007397187873721123
1778259560.597,1509.553,2.774027109146118,-1.4767881631851196,1.7701166868209839,-0.0002934753429144621,0.00018657109467312694,0.00014391308650374413
1778259560.848,1509.804,2.773399591445923,-1.4767812490463257,1.7705553770065308,-0.0008948058821260929,5.7296594604849815e-05,-0.0004978659562766552
1778259561.098,1510.054,2.772763252258301,-1.4768028259277344,1.7710137367248535,-0.00038460781797766685,-0.0010365007910877466,-0.00048825982958078384
1778259561.349,1510.305,2.7727086544036865,-1.4768389463424683,1.7709072828292847,-3.8067810237407684e-06,0.00046779471449553967,0.0002230331301689148
1778259561.600,1510.556,2.7726144790649414,-1.4768351316452026,1.7707947492599487,-0.0005901479162275791,2.031470648944378e-05,0.00022315513342618942
1778259561.851,1510.807,2.7732977867126465,-1.476845383644104,1.7699047327041626,-0.00044066342525184155,-0.0002338989870622754,-8.18837434053421e-05
1778259562.051,1511.007,2.7733988761901855,-1.4768644571304321,1.7697231769561768,-0.0010740875732153654,0.00021731050219386816,-4.062242805957794e-05
1778259562.302,1511.258,2.773545503616333,-1.4768434762954712,1.7694425582885742,-1.153792254626751e-05,-0.0001446079695597291,-0.000232648104429245
1778259562.553,1511.509,2.77341628074646,-1.476871371269226,1.7695103883743286,-5.782744847238064e-05,0.0003810616908594966,0.00020748097449541092
1778259562.803,1511.759,2.7730963230133057,-1.4768644571304321,1.769837498664856,-0.0005099491681903601,-0.0003560085315257311,-0.0001927739940583706
1778259563.054,1512.010,2.773127317428589,-1.4768415689468384,1.769934892654419,0.0003479516599327326,0.00033535645343363285,5.625095218420029e-05
1778259563.305,1512.261,2.773348093032837,-1.4768173694610596,1.7698109149932861,-0.0007873584982007742,-0.0006947533693164587,8.211145177483559e-05
1778259563.556,1512.512,2.772970676422119,-1.4768364429473877,1.7703171968460083,-0.00044922600500285625,0.00010931841097772121,-0.00019648997113108635
1778259563.807,1512.763,2.7730822563171387,-1.4768650531768799,1.770288109779358,-0.00018926477059721947,0.0008028991287574172,0.00037063052877783775
1778259564.057,1513.013,2.772996187210083,-1.4768816232681274,1.7703962326049805,-0.00044634146615862846,0.0001825651852414012,-0.0005113794468343258
1778259564.308,1513.264,2.773029088973999,-1.4768809080123901,1.770285725593567,-0.0003863913007080555,0.000189070007763803,0.00041288556531071663
1778259564.559,1513.515,2.7730555534362793,-1.4768751859664917,1.7701386213302612,-0.00023523857817053795,-0.0002586707705631852,-0.0003146156668663025
1778259564.809,1513.765,2.7730720043182373,-1.4768503904342651,1.7700251340866089,-0.00010789302177727222,-0.00020529970061033964,-0.0003888718783855438
1778259565.060,1514.016,2.772991895675659,-1.4769045114517212,1.7700161933898926,0.0003257428761571646,0.0013660491677001119,-0.003386358730494976
1778259565.311,1514.267,2.7746260166168213,-1.476637840270996,1.7684355974197388,-0.0009267183486372232,0.007907191291451454,0.0007899897173047066
1778259565.562,1514.518,2.772813558578491,-1.477071762084961,1.7703262567520142,-0.0007502420339733362,0.02422136813402176,-0.0007808136288076639
1778259565.813,1514.769,2.7748889923095703,-1.4766587018966675,1.7683782577514648,-0.0009481161832809448,0.008058927953243256,-0.0005461748223751783
1778259566.064,1515.020,2.7735185623168945,-1.4769076108932495,1.7698142528533936,-0.00028837844729423523,-0.00042281264904886484,-9.871739894151688e-05
1778259566.315,1515.271,2.7740609645843506,-1.4768421649932861,1.7692919969558716,-0.00011341925710439682,-0.002259816974401474,0.0011264109052717686
1778259566.566,1515.522,2.7742085456848145,-1.476776123046875,1.7690168619155884,-0.0010747229680418968,0.0037878314033150673,0.0001470455899834633
1778259566.817,1515.773,2.7742667198181152,-1.4767329692840576,1.7687950134277344,-0.0005744816735386848,0.0005516102537512779,-0.0004058266058564186
1778259567.067,1516.023,2.7742931842803955,-1.4767736196517944,1.768728256225586,-0.0004266984760761261,4.079984501004219e-05,0.00043891556560993195
1778259567.318,1516.274,2.774183511734009,-1.4767875671386719,1.7687790393829346,-0.0008235815912485123,8.921278640627861e-05,-8.817017078399658e-05
1778259567.569,1516.525,2.7738022804260254,-1.4768072366714478,1.7690956592559814,3.080535680055618e-05,0.0008262880146503448,-0.0002070050686597824
1778259567.820,1516.776,2.7736997604370117,-1.4768085479736328,1.7691322565078735,-0.0004237096291035414,0.0008240258321166039,0.0009238519705832005
1778259568.071,1517.027,2.773637533187866,-1.4768472909927368,1.769168496131897,-0.0002464947756379843,0.00017384113743901253,-0.00039040669798851013
1778259568.322,1517.278,2.773810386657715,-1.4768389463424683,1.769005298614502,-8.806935511529446e-05,-0.00034010177478194237,-0.000599726801738143
1778259568.572,1517.528,2.773714065551758,-1.4768263101577759,1.7691993713378906,-0.00045807729475200176,-0.000761429313570261,-0.0004195929504930973
1778259568.823,1517.779,2.7733511924743652,-1.476874589920044,1.7696983814239502,-0.0003290683962404728,0.00022960512433201075,9.349733591079712e-05
1778259569.074,1518.030,2.773021936416626,-1.4769045114517212,1.7702586650848389,-0.00045369891449809074,-0.0003200917271897197,-0.0006003733724355698
1778259569.325,1518.281,2.7728404998779297,-1.4769032001495361,1.7706283330917358,-0.0005290950648486614,0.0009631278226152062,6.771739572286606e-05
1778259569.576,1518.532,2.7731378078460693,-1.476893663406372,1.7703983783721924,-0.0003022444434463978,-0.00013694853987544775,-0.00010766368359327316
1778259569.827,1518.783,2.773188591003418,-1.4768904447555542,1.7703033685684204,-0.0009612434078007936,4.970072768628597e-05,-0.00010647857561707497
1778259570.078,1519.034,2.772878885269165,-1.4768879413604736,1.7706140279769897,-0.00037911185063421726,0.000363687751814723,0.00010222708806395531
1778259570.329,1519.285,2.772768020629883,-1.4768948554992676,1.7705837488174438,-0.0003303366247564554,0.00065397541038692,7.015839219093323e-05
1778259570.580,1519.536,2.7725930213928223,-1.4769158363342285,1.770601749420166,-0.00012992625124752522,-0.0003054623957723379,-0.000956973060965538
1778259570.831,1519.786,2.7727060317993164,-1.4769413471221924,1.7705029249191284,-0.0001279877033084631,0.0005019351374357939,-0.0002120044082403183
1778259571.081,1520.037,2.7728519439697266,-1.4769489765167236,1.7704368829727173,-0.00022376864217221737,0.0005531429778784513,-0.00024960096925497055
1778259571.332,1520.288,2.772749900817871,-1.4769279956817627,1.7705897092819214,0.00015664962120354176,-0.0005410073790699244,0.0009953109547495842
1778259571.583,1520.539,2.772629499435425,-1.4768790006637573,1.7707645893096924,-0.000261424807831645,0.00015353201888501644,-0.00019310181960463524
1778259571.834,1520.790,2.772953510284424,-1.4768599271774292,1.7705246210098267,0.0005073323845863342,0.00042384571861475706,-0.0001816912554204464
1778259572.084,1521.040,2.773465871810913,-1.4768707752227783,1.7700369358062744,3.737863153219223e-05,0.00014454720076173544,6.907479837536812e-05
1778259572.335,1521.291,2.7736332416534424,-1.4768580198287964,1.769883632659912,3.25031578540802e-06,-0.00023115158546715975,-0.0007822469342499971
1778259572.586,1521.542,2.7739205360412598,-1.4768974781036377,1.769637942314148,-0.00030413176864385605,0.0008452482288703322,0.00010483944788575172
1778259572.837,1521.793,2.7741305828094482,-1.4768739938735962,1.769519329071045,-0.0005350618157535791,6.090151146054268e-06,-0.0001643933355808258
1778259573.088,1522.044,2.7744832038879395,-1.4768885374069214,1.7691408395767212,-0.00014915061183273792,-0.0005204875487834215,0.001064338255673647
1778259573.339,1522.295,2.7746405601501465,-1.4768555164337158,1.7689753770828247,-0.000405268045142293,-1.9620871171355247e-05,-0.00030413316562771797
1778259573.590,1522.546,2.7745728492736816,-1.4768249988555908,1.7690989971160889,-0.00043038581497967243,-0.0010123795364052057,-0.00029791612178087234
1778259573.840,1522.796,2.774242639541626,-1.4767951965332031,1.7695122957229614,-0.0005793822929263115,-0.00036998384166508913,0.00013005873188376427
1778259574.091,1523.047,2.7740442752838135,-1.4768167734146118,1.7698570489883423,0.00017925910651683807,4.4979038648307323e-05,-0.00015290547162294388
1778259574.342,1523.298,2.773820400238037,-1.4767875671386719,1.7702679634094238,-0.00021138042211532593,0.00019300065468996763,0.0002887686714529991
1778259574.593,1523.549,2.773573160171509,-1.4767704010009766,1.7705937623977661,-0.00047829560935497284,0.0008664935594424605,-0.0006759234238415956
1778259574.844,1523.800,2.7728524208068848,-1.4767690896987915,1.7713266611099243,-0.00035545765422284603,0.0005431086756289005,0.00012242700904607773
1778259575.095,1524.051,2.773160457611084,-1.4767755270004272,1.7710777521133423,-0.0005155361723154783,-0.00017375312745571136,-0.0002557230181992054
1778259575.345,1524.301,2.7730634212493896,-1.476730465888977,1.771024465560913,-7.153372280299664e-05,-0.0006545344367623329,-0.0001840083859860897
1778259575.596,1524.552,2.7731387615203857,-1.4767837524414062,1.770756721496582,-0.0009277656208723783,0.0013740723952651024,5.7835131883621216e-05
1778259575.847,1524.803,2.7733116149902344,-1.4767780303955078,1.7705347537994385,-0.0005721431225538254,-0.0005227143410593271,0.0006633144803345203
1778259576.098,1525.054,2.773068428039551,-1.4767621755599976,1.7708239555358887,-0.00036706216633319855,0.0003170862328261137,-0.0004959446378052235
1778259576.349,1525.304,2.773076295852661,-1.4767532348632812,1.770930290222168,-0.0005290228873491287,-0.0002606355119496584,0.0006104032509028912
1778259576.599,1525.555,2.7731480598449707,-1.4767463207244873,1.770919680595398,-0.0001507941633462906,0.00033355248160660267,0.0006017605774104595
1778259576.850,1525.806,2.7732937335968018,-1.4767024517059326,1.7707182168960571,-0.00046840100549161434,-0.0005030491156503558,0.000627308152616024
1778259577.051,1526.007,2.773527145385742,-1.4766840934753418,1.7704129219055176,-0.00017127837054431438,0.0002394156763330102,0.00023289397358894348
1778259577.302,1526.258,2.773149013519287,-1.4766511917114258,1.7707054615020752,-0.0006534752901643515,0.00031786609906703234,-0.001068280078470707
1778259577.552,1526.508,2.7729506492614746,-1.476618766784668,1.7708308696746826,-7.674540393054485e-05,0.0003470830852165818,-0.000657365657389164
1778259577.803,1526.759,2.7728049755096436,-1.4766194820404053,1.7708137035369873,-0.0015114115085452795,-0.00012298289220780134,-0.00020842859521508217
1778259578.054,1527.010,2.7735090255737305,-1.476647973060608,1.7699888944625854,0.0003312446642667055,0.0008694268763065338,0.0005034809000790119
1778259578.304,1527.260,2.7736241817474365,-1.4766840934753418,1.7698678970336914,-0.0009500326123088598,-1.0320916771888733e-05,0.0001384955830872059
1778259578.555,1527.511,2.7736196517944336,-1.4766860008239746,1.769932746887207,-0.0002908285241574049,0.0004461947828531265,-0.00046637561172246933
1778259578.806,1527.762,2.773611307144165,-1.476701259613037,1.7700706720352173,8.89594666659832e-05,0.00038245844189077616,0.00010509556159377098
1778259579.057,1528.013,2.773456573486328,-1.4766860008239746,1.7703638076782227,-0.0004698229022324085,0.0003215112956240773,-0.0002136891707777977
1778259579.308,1528.264,2.7738192081451416,-1.4767266511917114,1.770098090171814,-0.0002502012066543102,0.0004111082525923848,0.0006663776002824306
1778259579.559,1528.515,2.7737741470336914,-1.4767297506332397,1.7701570987701416,-0.0004861499182879925,-0.0006877694977447391,-5.345745012164116e-05
1778259579.809,1528.765,2.773435592651367,-1.4767184257507324,1.770449161529541,-0.0004512541927397251,3.788212779909372e-05,-0.001039581373333931
1778259580.060,1529.016,2.7732768058776855,-1.4767190217971802,1.770564079284668,-0.00010107667185366154,8.176779374480247e-05,-0.000451795756816864
1778259580.311,1529.267,2.7730038166046143,-1.4767392873764038,1.7707562446594238,-0.0001573201734572649,0.0006338017992675304,0.00015901122242212296
1778259580.562,1529.518,2.7730417251586914,-1.476746916770935,1.7705870866775513,-0.0004700834397226572,-0.0004992112517356873,0.00017543742433190346
1778259580.812,1529.768,2.773585319519043,-1.476766586303711,1.7699638605117798,-0.00040856399573385715,-0.0002795075997710228,0.000352510716766119
1778259581.063,1530.019,2.7734780311584473,-1.4767475128173828,1.7701407670974731,-0.0008573224768042564,0.00010720861610025167,-0.0007041520439088345
1778259581.314,1530.270,2.7734413146972656,-1.4767221212387085,1.770263910293579,-5.575548857450485e-05,-2.509180922061205e-05,-0.0005353703163564205
1778259581.565,1530.521,2.773294448852539,-1.4767069816589355,1.7704033851623535,0.0002916743978857994,0.0004150689346715808,-0.0005870482418686152
1778259581.816,1530.772,2.7735097408294678,-1.476719617843628,1.7701910734176636,-0.000571192242205143,0.00030793517362326384,0.0003639440983533859
1778259582.067,1531.023,2.773355007171631,-1.476698637008667,1.7703933715820312,-0.00013244780711829662,0.00017649843357503414,0.00020733335986733437
1778259582.318,1531.274,2.7731094360351562,-1.476672649383545,1.7706429958343506,-0.0005990022327750921,0.00023179431445896626,-0.0003664102405309677
1778259582.569,1531.525,2.7733349800109863,-1.4766829013824463,1.7703895568847656,-0.0005668175872415304,0.00017775804735720158,0.0014624278992414474
1778259582.819,1531.775,2.773439884185791,-1.4766594171524048,1.7702950239181519,-0.0007713919039815664,-0.00015274970792233944,-0.00024385564029216766
1778259583.070,1532.026,2.77352237701416,-1.4766567945480347,1.7702327966690063,-3.0168332159519196e-05,0.0001723101595416665,0.0004901806823909283
1778259583.321,1532.277,2.773381233215332,-1.4767228364944458,1.770416259765625,0.0002268413081765175,0.001029880833812058,-0.00036902260035276413
1778259583.572,1532.528,2.773557662963867,-1.4767215251922607,1.7702608108520508,-0.0002721920609474182,-0.000397841795347631,0.0002788053825497627
1778259583.823,1532.778,2.7737278938293457,-1.4767132997512817,1.7703179121017456,0.00036646798253059387,-0.0005549051566049457,0.0009303824044764042
1778259584.073,1533.029,2.7735376358032227,-1.4767652750015259,1.7707090377807617,0.0001841229386627674,0.001656204811297357,-0.0001790681853890419
1778259584.324,1533.280,2.7736153602600098,-1.4767780303955078,1.770786166191101,-0.0003317208029329777,0.0020453212782740593,0.00018927548080682755
1778259584.575,1533.531,2.7738122940063477,-1.4767736196517944,1.7707109451293945,-0.00019638752564787865,-0.0007885807426646352,-7.953448221087456e-05
1778259584.826,1533.782,2.7741384506225586,-1.4767742156982422,1.7703901529312134,-0.00014300039038062096,0.00037894851993769407,-0.0005727764219045639
1778259585.077,1534.033,2.77414870262146,-1.4767545461654663,1.770285725593567,-0.00035888259299099445,0.00010081566870212555,-0.0004060831852257252
1778259585.327,1534.283,2.773937940597534,-1.4768269062042236,1.7703946828842163,0.0015293981414288282,-0.013547666370868683,-0.001091446727514267
1778259585.578,1534.534,2.7048492431640625,-1.4896444082260132,1.8393630981445312,-0.0033881294075399637,-0.012486347928643227,-0.004631493240594864
1778259585.829,1534.785,2.705091953277588,-1.4898011684417725,1.8390371799468994,-0.0006028322968631983,-0.011208893731236458,-0.0010420999024063349
1778259586.080,1535.036,2.7082881927490234,-1.489306092262268,1.8356600999832153,0.0010893361177295446,-0.007330731488764286,0.0010248012840747833
1778259586.331,1535.287,2.708397626876831,-1.489267349243164,1.835466742515564,0.0002537702675908804,0.002372174523770809,-0.003632310312241316
1778259586.581,1535.537,2.712761640548706,-1.4910895824432373,1.8307806253433228,0.0027691989671438932,-0.012747502885758877,0.0009531131945550442
1778259586.832,1535.788,2.7282485961914062,-1.4895672798156738,1.815353512763977,0.001797703793272376,-0.021820208057761192,0.001766740344464779
1778259587.083,1536.039,2.7812490463256836,-1.4789398908615112,1.762640357017517,0.0022719583939760923,-0.059448737651109695,0.0004114038310945034
1778259587.333,1536.289,2.8017263412475586,-1.4743298292160034,1.7420724630355835,-0.0027505147736519575,0.012085791677236557,-0.0023435228504240513
1778259587.584,1536.540,2.7882347106933594,-1.4780694246292114,1.7550311088562012,-0.0009380534756928682,-0.008715138770639896,-0.0002405778504908085
1778259587.835,1536.791,2.748206377029419,-1.4862561225891113,1.7942861318588257,-0.002424255246296525,0.03476951643824577,0.001336516346782446
1778259588.086,1537.042,2.732595920562744,-1.4899537563323975,1.8091531991958618,-0.0009017102420330048,0.011346254497766495,0.0016604168340563774
1778259588.337,1537.293,2.732991933822632,-1.4888898134231567,1.808077335357666,0.00048586539924144745,-0.012826204299926758,-0.005646550562232733
1778259588.588,1537.544,2.7459182739257812,-1.4857487678527832,1.7945579290390015,2.5317072868347168e-05,-0.01264127902686596,0.0008638380095362663
1778259588.838,1537.794,2.760758638381958,-1.4845420122146606,1.7795133590698242,0.013385476544499397,-0.1467258185148239,0.027175797149538994
1778259589.089,1538.045,2.7748377323150635,-1.4812196493148804,1.764460802078247,0.003920734394341707,-0.15293781459331512,0.00444405060261488
1778259589.340,1538.296,2.789184093475342,-1.4776428937911987,1.749708652496338,-0.002890463452786207,0.01779213361442089,0.0003213626332581043
1778259589.590,1538.546,2.7802093029022217,-1.4797486066818237,1.7584329843521118,-0.00027456553652882576,-0.01055479608476162,0.0013949875719845295
1778259589.841,1538.797,2.738542318344116,-1.4890881776809692,1.7998396158218384,-0.0028814529068768024,0.04665400832891464,0.001110247801989317
1778259590.092,1539.048,2.7350611686706543,-1.4900941848754883,1.8033170700073242,-0.0006409741472452879,0.0006553704151883721,0.0006988076493144035
1778259590.343,1539.299,2.7346413135528564,-1.4901673793792725,1.8035728931427002,0.0005099077243357897,-0.004198705777525902,-0.001242998754605651
1778259590.593,1539.549,2.738630533218384,-1.4888970851898193,1.7993080615997314,-1.834123395383358e-05,-0.013273785822093487,-0.00036186352372169495
1778259590.844,1539.800,2.7217702865600586,-1.492261528968811,1.8152600526809692,-6.016111001372337e-06,0.007293911650776863,0.002120617777109146
1778259591.095,1540.051,2.719109058380127,-1.4919294118881226,1.8175629377365112,-0.003063600044697523,0.006647945381700993,0.0008249501697719097
1778259591.346,1540.302,2.72100830078125,-1.4912259578704834,1.8155349493026733,-0.0009001307189464569,0.005479379557073116,0.0014085606671869755
1778259591.596,1540.552,2.7217514514923096,-1.4913603067398071,1.8146510124206543,0.0013107135891914368,-0.005500673316419125,-0.00047147832810878754
1778259591.847,1540.803,2.723268508911133,-1.4917653799057007,1.8129850625991821,0.0002897726371884346,-0.004701605997979641,-0.0004783547483384609
1778259592.098,1541.054,2.7266619205474854,-1.4906892776489258,1.8094035387039185,0.0005070320330560207,-0.006302512716501951,0.0005115182138979435
1778259592.348,1541.304,2.7253260612487793,-1.492061972618103,1.8103846311569214,-0.0010854187421500683,0.0035918368957936764,0.0010117529891431332
1778259592.599,1541.555,2.739405393600464,-1.488577127456665,1.7963781356811523,0.0032451977021992207,-0.056246038526296616,-0.0004286719486117363
1778259592.850,1541.806,2.7872061729431152,-1.478270411491394,1.7485041618347168,-0.0011070356704294682,0.006407422944903374,-0.0002279551699757576
1778259593.101,1542.057,2.762626886367798,-1.4839332103729248,1.7728040218353271,-0.0020364418160170317,0.04353760927915573,-0.0005841944366693497
1778259593.302,1542.258,2.734053134918213,-1.4892578125,1.801103949546814,0.001385191222652793,0.016036702319979668,-0.006246801000088453
1778259593.552,1542.508,2.7301595211029053,-1.4893354177474976,1.8047740459442139,-0.0004715586546808481,-0.0002965100575238466,0.000951218418776989
1778259593.803,1542.759,2.731633186340332,-1.4890750646591187,1.8027597665786743,0.0006554366555064917,-0.00042030238546431065,0.0013728262856602669
1778259594.054,1543.010,2.733790397644043,-1.4898667335510254,1.7998273372650146,-0.0006871805526316166,-0.011303994804620743,-0.0022863734047859907
1778259594.305,1543.261,2.7653350830078125,-1.4834610223770142,1.7677878141403198,-0.0013431026600301266,-0.0005072379717603326,0.00015890365466475487
1778259594.555,1543.511,2.7338972091674805,-1.4916590452194214,1.798561453819275,0.0006369440816342831,-0.00710052065551281,-0.0010397392325103283
1778259594.806,1543.762,2.734797716140747,-1.490932583808899,1.797465443611145,0.0015625166706740856,-0.007619838230311871,-0.00025852955877780914
1778259595.057,1544.013,2.7470924854278564,-1.48809015750885,1.7848918437957764,0.0008580244611948729,-0.03589100018143654,-0.0020735906437039375
1778259595.308,1544.264,2.792419195175171,-1.478158950805664,1.7392655611038208,-0.00036469497717916965,0.0032409531995654106,-0.0002513555809855461
1778259595.559,1544.515,2.7820639610290527,-1.480669617652893,1.7493757009506226,-0.0014168752823024988,0.024233553558588028,0.0008663022890686989
1778259595.810,1544.766,2.7335071563720703,-1.4912604093551636,1.797591209411621,-0.0017861707601696253,0.013770155608654022,0.0025317976251244545
1778259596.061,1545.017,2.736506223678589,-1.4904625415802002,1.794596552848816,9.916769340634346e-05,0.000666540116071701,-0.0006561246700584888
1778259596.312,1545.268,2.7582826614379883,-1.4859117269515991,1.7729429006576538,0.00035144342109560966,-0.026592504233121872,-0.00033098412677645683
1778259596.562,1545.518,2.7863128185272217,-1.4801565408706665,1.7448837757110596,-0.002382628619670868,0.04628240317106247,-0.001395846251398325
1778259596.813,1545.769,2.7390880584716797,-1.4900306463241577,1.7916786670684814,-0.002102252095937729,-0.0024929046630859375,0.001325810793787241
1778259597.064,1546.020,2.7475385665893555,-1.4885451793670654,1.7831143140792847,-0.0012302147224545479,0.035650987178087234,-0.00010465271770954132
1778259597.315,1546.271,2.753188133239746,-1.4870882034301758,1.7770358324050903,0.002397371456027031,-0.03036782518029213,-0.005744264926761389
1778259597.566,1546.522,2.752462863922119,-1.4866098165512085,1.7769798040390015,-0.0019813724793493748,0.01712321862578392,-6.602611392736435e-06
1778259597.817,1546.772,2.7550835609436035,-1.4855910539627075,1.7735543251037598,2.9169023036956787e-05,0.02897544391453266,0.0022557293996214867
1778259598.067,1547.023,2.7398581504821777,-1.4888556003570557,1.7876304388046265,-0.0013769164215773344,0.01016599778085947,-0.0002997070550918579
1778259598.318,1547.274,2.73885178565979,-1.4900660514831543,1.7874983549118042,-0.003939105197787285,0.014810415916144848,0.00489539559930563
1778259598.569,1547.525,2.73948073387146,-1.4895657300949097,1.7859218120574951,-0.002965191612020135,-0.007096792571246624,-0.005605859681963921
1778259598.820,1547.775,2.7388534545898438,-1.489213228225708,1.7853577136993408,0.001683320151641965,-0.014997872523963451,-0.004100470338016748
1778259599.070,1548.026,2.7563719749450684,-1.4848865270614624,1.7671841382980347,0.0018767397850751877,-0.05352983996272087,-0.0004970310255885124
1778259599.321,1548.277,2.7890355587005615,-1.4798089265823364,1.7337911128997803,-0.0005779750645160675,-0.022868666797876358,0.003957405686378479
1778259599.572,1548.528,2.739952802658081,-1.4911922216415405,1.7818044424057007,-0.001884971745312214,0.025308409705758095,0.003930199891328812
1778259599.822,1548.778,2.74027419090271,-1.490807056427002,1.7809619903564453,-0.0009970972314476967,0.004491567146033049,-0.00018409686163067818
1778259600.073,1549.029,2.742826461791992,-1.4905977249145508,1.7782042026519775,-0.001854883972555399,0.02252066135406494,0.0027978341095149517
1778259600.324,1549.280,2.7418174743652344,-1.49094820022583,1.7791919708251953,-0.0006610150448977947,-0.005471604876220226,-0.0013464661315083504
1778259600.575,1549.531,2.7621850967407227,-1.4866218566894531,1.7589517831802368,0.0017693745903670788,-0.0371718555688858,0.0030626151710748672
1778259600.826,1549.782,2.763154983520508,-1.4864646196365356,1.7578740119934082,-0.0003761504776775837,-0.04483986273407936,-0.00391420116648078
1778259601.077,1550.033,2.8037807941436768,-1.4778218269348145,1.7173411846160889,-0.002428613370284438,0.014622757211327553,0.0021330746822059155
1778259601.328,1550.284,2.7749836444854736,-1.4836403131484985,1.7458828687667847,-0.0018067483324557543,0.071849524974823,-0.0034759119153022766
1778259601.578,1550.534,2.749396800994873,-1.4886112213134766,1.7714776992797852,-0.0001674529630690813,-0.004928791895508766,-0.0019194756168872118
1778259601.829,1550.785,2.750488758087158,-1.4868056774139404,1.7707462310791016,0.0033369685988873243,-0.009014172479510307,-0.0062345946207642555
1778259602.080,1551.036,2.7514424324035645,-1.485939860343933,1.769877314567566,-0.0021716358605772257,0.00821772776544094,0.0007036887109279633
1778259602.331,1551.287,2.7528433799743652,-1.4863910675048828,1.7683889865875244,0.00016847648657858372,0.03555867820978165,0.012663326226174831
1778259602.582,1551.538,2.753821849822998,-1.4904818534851074,1.7670458555221558,-0.000306983245536685,0.0013213143683969975,0.0011170501820743084
1778259602.832,1551.788,2.7628514766693115,-1.4884082078933716,1.7581169605255127,-0.0010072176810353994,0.003221122082322836,0.0007319757714867592
1778259603.083,1552.039,2.756772518157959,-1.4903979301452637,1.7640000581741333,-0.0008252272382378578,-0.0025617112405598164,-0.0005973281804472208
1778259603.333,1552.289,2.7573587894439697,-1.490362286567688,1.763137936592102,-0.0003630649298429489,-0.008408581838011742,-0.002894333563745022
1778259603.584,1552.540,2.7613754272460938,-1.489470362663269,1.7589645385742188,-0.0006456607952713966,-0.02795274183154106,-0.0035490933805704117
1778259603.835,1552.791,2.750148057937622,-1.4910610914230347,1.769700288772583,-0.001064942218363285,0.004965962376445532,0.0026219203136861324
1778259604.086,1553.042,2.745126724243164,-1.4903206825256348,1.7746602296829224,-0.00044434075243771076,-0.005723937880247831,-0.0010618274100124836
1778259604.337,1553.293,2.749687671661377,-1.4886912107467651,1.7702308893203735,0.00024301721714437008,-0.008430907502770424,0.0012861746363341808
1778259604.587,1553.543,2.7533373832702637,-1.4883010387420654,1.766549825668335,0.0016531653236597776,0.01097601093351841,0.01437644474208355
1778259604.838,1553.794,2.7423477172851562,-1.4904929399490356,1.777249813079834,0.00023980881087481976,-0.004457674454897642,-0.0019529268611222506
1778259605.089,1554.045,2.743910789489746,-1.4903615713119507,1.775509238243103,-0.0031200197990983725,0.014670913107693195,0.0014971033670008183
1778259605.340,1554.296,2.7435436248779297,-1.4907243251800537,1.7756105661392212,-0.0016892894636839628,0.004202838521450758,0.0011113565415143967
1778259605.591,1554.547,2.7432644367218018,-1.4918538331985474,1.7753928899765015,-0.0005310268606990576,0.004423387814313173,0.004417765885591507
1778259605.842,1554.798,2.745119333267212,-1.4914542436599731,1.7733397483825684,-0.0020093403290957212,0.0016218380769714713,0.0023784060031175613
1778259606.092,1555.048,2.7459943294525146,-1.4915693998336792,1.7723478078842163,-0.00031138467602431774,0.0028073585126549006,0.0024633221328258514
1778259606.343,1555.299,2.7403106689453125,-1.4929566383361816,1.7775315046310425,-0.001848120940849185,0.013062485493719578,0.0016533080488443375
1778259606.594,1555.550,2.7410976886749268,-1.4933401346206665,1.776606798171997,0.0007950544822961092,-0.007547996938228607,-0.0021274785976856947
1778259606.845,1555.801,2.7420880794525146,-1.4913873672485352,1.7757461071014404,-8.437107317149639e-05,-0.003077669069170952,-0.0005203832406550646
1778259607.095,1556.051,2.739380121231079,-1.4912161827087402,1.7783278226852417,-0.0011205850169062614,-0.006300562992691994,-0.003203395754098892
1778259607.346,1556.302,2.7469232082366943,-1.488484263420105,1.770790457725525,-5.6614167988300323e-05,-0.02415207028388977,0.001535722054541111
1778259607.597,1556.553,2.735645294189453,-1.4884487390518188,1.7820172309875488,0.0009169848635792732,-0.004131860099732876,-0.006765124388039112
1778259607.847,1556.803,2.7319846153259277,-1.4867467880249023,1.7855862379074097,-0.002931444440037012,0.015544895082712173,0.0035570701584219933
1778259608.098,1557.054,2.729651689529419,-1.486969232559204,1.7879289388656616,-0.0011266048531979322,-0.002675702329725027,-0.001506393775343895
1778259608.349,1557.305,2.7293684482574463,-1.4870498180389404,1.7884101867675781,-0.0005828745197504759,0.0037020440213382244,0.001449021976441145
1778259608.600,1557.555,2.7295022010803223,-1.4872380495071411,1.7883660793304443,-0.0011088361497968435,0.002484589349478483,0.0008418303914368153
1778259608.850,1557.806,2.7313601970672607,-1.4868576526641846,1.7867186069488525,0.0004876714665442705,-0.007172505836933851,-0.0016056387685239315
1778259609.051,1558.007,2.7304019927978516,-1.487088918685913,1.787894606590271,-0.002471971558406949,0.005585660692304373,0.0016828784719109535
1778259609.302,1558.258,2.7318925857543945,-1.4872195720672607,1.786689043045044,-0.0021378209348767996,0.002267163712531328,-0.0005881527904421091
1778259609.552,1558.508,2.733466625213623,-1.4868838787078857,1.7855610847473145,0.0011214606929570436,-0.0168593842536211,-0.005855655763298273
1778259609.803,1558.759,2.734522819519043,-1.4858976602554321,1.7849292755126953,-0.0006503823678940535,-0.007217802107334137,-0.003282963763922453
1778259610.054,1559.010,2.734225273132324,-1.4857691526412964,1.7855473756790161,-0.00040652044117450714,-0.006599734537303448,-0.002219023182988167
1778259610.305,1559.261,2.7334702014923096,-1.4858343601226807,1.7864779233932495,-0.0004438115283846855,0.0022050710394978523,0.0017353007569909096
1778259610.555,1559.511,2.7322945594787598,-1.4860206842422485,1.7877740859985352,-1.7709098756313324e-05,0.0007725214818492532,0.0008455691859126091
1778259610.806,1559.762,2.732117176055908,-1.4859369993209839,1.7881580591201782,-0.0007257657125592232,0.0002897476078942418,-0.00020816270262002945
1778259611.057,1560.013,2.7321341037750244,-1.4858365058898926,1.7884416580200195,1.1042924597859383e-05,-0.002813836559653282,-5.9159938246011734e-05
1778259611.309,1560.265,2.731844186782837,-1.4858596324920654,1.7889100313186646,-0.000857154605910182,-0.0024973470717668533,-0.0012960215099155903
1778259611.560,1560.516,2.7315030097961426,-1.4858568906784058,1.7893422842025757,-0.0007988426368683577,-0.003673992119729519,-0.0020446404814720154
1778259611.811,1560.767,2.730588674545288,-1.4858673810958862,1.7903566360473633,-0.001067035598680377,-0.0004297759151086211,-0.0002323412336409092
1778259612.063,1561.019,2.728705883026123,-1.4862279891967773,1.7922329902648926,-0.0010229810141026974,0.006731295492500067,0.002517762128263712
1778259612.314,1561.270,2.728553295135498,-1.4865609407424927,1.792419672012329,-0.001153858844190836,-0.0014210003428161144,-0.0003087739460170269
1778259612.564,1561.520,2.7297651767730713,-1.4857045412063599,1.7914901971817017,-8.286954835057259e-05,-0.0011192290112376213,-0.0008344408124685287
1778259612.815,1561.771,2.7282488346099854,-1.4862858057022095,1.7932294607162476,-0.0022150599397718906,0.009727735072374344,0.0004494856111705303
1778259613.066,1562.022,2.7270374298095703,-1.4869195222854614,1.7944313287734985,-0.00247166957706213,0.004194282926619053,0.0015131705440580845
1778259613.316,1562.272,2.727818012237549,-1.4865397214889526,1.7936854362487793,0.0002740989439189434,-0.005029328633099794,-0.0016213252674788237
1778259613.567,1562.523,2.730419874191284,-1.4853699207305908,1.7914233207702637,0.0008846851997077465,-0.008628090843558311,-0.0017483646515756845
1778259613.818,1562.774,2.7299115657806396,-1.485277771949768,1.7920998334884644,0.0002900068648159504,-0.0034135892055928707,-0.0007681655697524548
1778259614.069,1563.025,2.7310357093811035,-1.4843484163284302,1.7913768291473389,0.0004831322003155947,-0.006936660036444664,-0.0019975670147687197
1778259614.320,1563.276,2.7310967445373535,-1.4849122762680054,1.7916343212127686,-0.0012796183582395315,0.0025612260214984417,0.0014003468677401543
1778259614.571,1563.527,2.73067569732666,-1.4852436780929565,1.792270302772522,0.000358435558155179,-0.004669705405831337,-0.0006287347059696913
1778259614.821,1563.777,2.731569290161133,-1.4848337173461914,1.7917038202285767,0.000478013651445508,-0.0023963497951626778,0.0004443107172846794
1778259615.072,1564.028,2.7322661876678467,-1.4845247268676758,1.7911571264266968,-0.0010853561107069254,-0.0019671358168125153,-5.4623931646347046e-05
1778259615.323,1564.279,2.7296996116638184,-1.4856926202774048,1.7936956882476807,-0.0009811411146074533,0.0015282301465049386,-0.0015757461078464985
1778259615.574,1564.530,2.7291202545166016,-1.4866091012954712,1.7942355871200562,-0.0032744964119046926,0.020297545939683914,0.006108284927904606
1778259615.824,1564.780,2.7298619747161865,-1.486708402633667,1.7937488555908203,-0.0007426033262163401,0.0023701288737356663,0.00037301983684301376
1778259616.075,1565.031,2.729443073272705,-1.4870084524154663,1.7945820093154907,-0.0014756438322365284,0.00887658353894949,0.0043619186617434025
1778259616.326,1565.282,2.7347958087921143,-1.485087513923645,1.7898246049880981,0.0010658339597284794,-0.010985631495714188,-0.0011830616276711226
1778259616.577,1565.533,2.7331831455230713,-1.4856575727462769,1.791684865951538,0.00031342310830950737,-0.011588474735617638,-0.003088622819632292
1778259616.828,1565.784,2.733995199203491,-1.484947681427002,1.7910200357437134,-0.0014456319622695446,0.00041574379429221153,0.0006085322238504887
1778259617.078,1566.034,2.733731985092163,-1.4847220182418823,1.7914553880691528,-0.0002623822074383497,-0.0035738609731197357,-0.0015674876049160957
1778259617.329,1566.285,2.735814094543457,-1.4833736419677734,1.7895845174789429,-0.00199916516430676,0.005009290762245655,0.0015855501405894756
1778259617.580,1566.536,2.7226152420043945,-1.4822348356246948,1.8026200532913208,-0.000834721839055419,0.015483043156564236,-2.588331699371338e-05
1778259617.830,1566.786,2.7156009674072266,-1.4848663806915283,1.8096810579299927,-0.0048646507784724236,0.0061903041787445545,0.0022247345186769962
1778259618.083,1567.038,2.714357614517212,-1.4855762720108032,1.8111189603805542,-0.001388842472806573,0.01401761919260025,0.006563154980540276
1778259618.333,1567.289,2.716262102127075,-1.4839421510696411,1.8094377517700195,-0.00010166899301111698,-0.010069898329675198,-0.002524778712540865
1778259618.584,1567.540,2.719243288040161,-1.4829846620559692,1.8067470788955688,0.00019606086425483227,-0.003588031977415085,4.209298640489578e-05
1778259618.835,1567.791,2.7270567417144775,-1.4812283515930176,1.7993755340576172,-0.0007447602692991495,-0.0055327462032437325,0.00046610133722424507
1778259619.086,1568.042,2.717322587966919,-1.484055519104004,1.8093363046646118,-0.001799251651391387,0.0067846039310097694,0.002795045729726553
1778259619.337,1568.292,2.718599796295166,-1.4836081266403198,1.8083651065826416,-0.0005905714351683855,-0.002031679730862379,-0.0004085260443389416
1778259619.587,1568.543,2.7199840545654297,-1.4833723306655884,1.807134985923767,0.00026505603455007076,0.0027042976580560207,0.0010386952199041843
1778259619.838,1568.794,2.720700979232788,-1.4834330081939697,1.8064894676208496,-0.0006778121460229158,-0.0014103594003245234,-4.48497012257576e-05
1778259620.088,1569.044,2.7204527854919434,-1.4836088418960571,1.8068710565567017,0.0005367116536945105,-0.006556028965860605,-0.001009835395962
1778259620.339,1569.295,2.7311606407165527,-1.480794906616211,1.7965116500854492,0.004272792488336563,-0.062326181679964066,-0.001409841002896428
1778259620.591,1569.547,2.741236925125122,-1.4778931140899658,1.7866579294204712,-0.0010317463893443346,-0.003942115698009729,0.0026390845887362957
1778259620.842,1569.798,2.7472712993621826,-1.4774796962738037,1.7808189392089844,-0.00012082350440323353,-0.005282083060592413,0.0028168726712465286
1778259621.093,1570.049,2.743438482284546,-1.4783207178115845,1.7849156856536865,-0.0007614190690219402,0.0025627869181334972,0.0006727264262735844
1778259621.344,1570.300,2.7412078380584717,-1.4790048599243164,1.7875193357467651,-0.0009159822948276997,0.00818540621548891,-0.0006549591198563576
1778259621.595,1570.551,2.7462382316589355,-1.4774196147918701,1.7833397388458252,0.004222608637064695,-0.034746043384075165,-0.0007631676271557808
1778259621.845,1570.801,2.7408792972564697,-1.4785385131835938,1.7886115312576294,-0.0007247314788401127,0.014980561099946499,0.00013613468036055565
1778259622.096,1571.052,2.7507572174072266,-1.476946473121643,1.7789560556411743,6.935722194612026e-05,-0.005868001375347376,0.0010518324561417103
1778259622.347,1571.303,2.7454988956451416,-1.4780616760253906,1.784401297569275,-0.0005254775751382113,0.0032868627458810806,0.00023648934438824654
1778259622.598,1571.553,2.7492496967315674,-1.4775570631027222,1.7810555696487427,-9.122979827225208e-05,-0.00524659501388669,0.0007913061417639256
1778259622.848,1571.804,2.751457452774048,-1.4771144390106201,1.7792398929595947,4.083639942109585e-05,-0.002809834200888872,0.0007981164380908012
1778259623.099,1572.055,2.7535011768341064,-1.4767463207244873,1.7775174379348755,-0.0021860161796212196,-0.008635645732283592,-0.0006863879971206188
1778259623.350,1572.306,2.752824544906616,-1.4770265817642212,1.7781920433044434,-0.0014538834802806377,0.005547619424760342,-0.0026676219422370195
1778259623.601,1572.557,2.7500860691070557,-1.4775750637054443,1.7811568975448608,-0.0013329912908375263,0.004495682194828987,-0.0003962232731282711
1778259623.801,1572.757,2.75309681892395,-1.4769006967544556,1.7784479856491089,-0.0007140613161027431,0.004169296473264694,-0.0010316814295947552
1778259624.052,1573.008,2.743192195892334,-1.4784952402114868,1.7888010740280151,-0.0006572536658495665,0.02097201719880104,-0.000630576629191637
1778259624.302,1573.258,2.7190210819244385,-1.484456181526184,1.8129245042800903,-0.0006929223891347647,-0.014270950108766556,-0.0038479850627481937
1778259624.553,1573.509,2.748415470123291,-1.4772790670394897,1.7840192317962646,-0.002846096409484744,0.0164459440857172,0.0009394758380949497
1778259624.804,1573.760,2.7530887126922607,-1.476312518119812,1.779441237449646,-7.786578498780727e-05,0.010258244350552559,0.0013918611221015453
1778259625.055,1574.010,2.749901294708252,-1.4769775867462158,1.7828114032745361,3.290991298854351e-05,0.0003630060236901045,0.00032895244657993317
1778259625.305,1574.261,2.751220464706421,-1.477042555809021,1.7817498445510864,-0.0007397572044283152,-0.000684079946950078,0.000161029864102602
1778259625.557,1574.513,2.750734567642212,-1.4769781827926636,1.7825661897659302,-0.0006100528407841921,0.0074762990698218346,-0.0017569954507052898
1778259625.807,1574.763,2.7430052757263184,-1.4783788919448853,1.79049813747406,-0.0026244933251291513,-0.0021110877860337496,0.0012756441719830036
1778259626.058,1575.014,2.743110418319702,-1.4789022207260132,1.7907018661499023,-0.0010044164955615997,0.01710602082312107,0.0010808217339217663
1778259626.309,1575.265,2.753938674926758,-1.477673053741455,1.7806544303894043,0.002279096283018589,-0.0024261490907520056,0.0014576474204659462
1778259626.560,1575.515,2.7365784645080566,-1.4825562238693237,1.7981693744659424,-0.003385340329259634,0.017660973593592644,0.005582019221037626
1778259626.810,1575.766,2.7370829582214355,-1.482531189918518,1.7978242635726929,-0.0003630826249718666,0.0002612725365906954,0.0004805964417755604
1778259627.061,1576.017,2.7379541397094727,-1.4817911386489868,1.7971495389938354,-0.00019236118532717228,0.010190954431891441,0.0019551096484065056
1778259627.312,1576.268,2.7335476875305176,-1.4831316471099854,1.8013935089111328,-0.0006444978062063456,0.005032562650740147,0.0008884440176188946
1778259627.562,1576.518,2.7327356338500977,-1.4834939241409302,1.8021950721740723,0.00033686566166579723,-0.0018205863889306784,-0.000809752382338047
1778259627.814,1576.770,2.7322258949279785,-1.4832338094711304,1.802873969078064,9.157462045550346e-06,-0.0012440176215022802,-0.0004496895708143711
1778259628.065,1577.021,2.7311649322509766,-1.4835766553878784,1.8040944337844849,-0.0012546516954898834,0.0033408268354833126,0.0013388893567025661
1778259628.316,1577.272,2.731179714202881,-1.4829453229904175,1.8044253587722778,0.0002547614276409149,-0.0049551548436284065,-0.0019730490166693926
1778259628.567,1577.523,2.732135057449341,-1.4821890592575073,1.8039157390594482,-0.0008236737921833992,0.0028289631009101868,0.000628890935331583
1778259628.817,1577.773,2.730228900909424,-1.4826502799987793,1.8059427738189697,-0.0009672315791249275,0.0026531703770160675,0.0010167001746594906
1778259629.068,1578.024,2.7300777435302734,-1.4820436239242554,1.8062373399734497,6.89385924488306e-05,0.00013822817709296942,0.0004280777648091316
1778259629.319,1578.275,2.729388475418091,-1.4825785160064697,1.8070067167282104,0.00018268846906721592,0.005733118392527103,0.002598156686872244
1778259629.570,1578.526,2.7300212383270264,-1.482686161994934,1.8064674139022827,-0.0005608543287962675,0.005093348678201437,0.001731108408421278
1778259629.821,1578.777,2.7313995361328125,-1.482189655303955,1.8052074909210205,-0.0011278444435447454,0.004082615487277508,0.0014617363922297955
1778259630.074,1579.030,2.730842113494873,-1.482601523399353,1.8057156801223755,-0.0007903364021331072,0.0018838690593838692,0.001180446706712246
1778259630.325,1579.281,2.7314553260803223,-1.4822779893875122,1.8051480054855347,0.00047970819287002087,-0.0039580212906003,-0.00029095355421304703
1778259630.576,1579.532,2.7315094470977783,-1.4822543859481812,1.8051228523254395,-0.001075460808351636,-0.00018311780877411366,0.00016356352716684341
1778259630.827,1579.783,2.7299892902374268,-1.4825230836868286,1.8067961931228638,-0.0011660067830234766,0.010409001260995865,0.0034744106233119965
1778259631.078,1580.034,2.7287614345550537,-1.4834474325180054,1.8080006837844849,5.3946394473314285e-05,-0.0034118089824914932,-0.002695681992918253
1778259631.329,1580.285,2.7307050228118896,-1.4823353290557861,1.8063124418258667,-0.00020980508998036385,0.003209066577255726,0.0012920331209897995
1778259631.580,1580.536,2.730640411376953,-1.4822584390640259,1.806503415107727,-0.0001325760968029499,-0.0002287362003698945,0.00034715840592980385
1778259631.831,1580.787,2.7283596992492676,-1.4830975532531738,1.8086700439453125,-0.0009149280376732349,0.005400705151259899,0.0008587590418756008
1778259632.082,1581.038,2.7273807525634766,-1.4837567806243896,1.8095160722732544,-0.0006976139266043901,0.004088215529918671,0.000699272844940424
1778259632.332,1581.288,2.7256808280944824,-1.484096884727478,1.8112728595733643,0.00333803310059011,-0.024912722408771515,-0.003927238285541534
1778259632.583,1581.539,2.724623203277588,-1.484938621520996,1.81238853931427,-0.004271923564374447,0.01359255425632,0.0031732264906167984
1778259632.834,1581.790,2.7238543033599854,-1.4852066040039062,1.8133119344711304,-0.0008188814390450716,0.004086320288479328,0.0011771656572818756
1778259633.085,1582.041,2.7256765365600586,-1.4843097925186157,1.811639428138733,-0.0005146735347807407,0.0011479625245556235,-0.0009488929063081741
1778259633.336,1582.291,2.7278542518615723,-1.4829561710357666,1.809682846069336,-0.00011858483776450157,0.006131939124315977,0.0037397248670458794
1778259633.586,1582.542,2.726559638977051,-1.4831057786941528,1.8110072612762451,-0.0008813650347292423,0.006001798901706934,0.001506890170276165
1778259633.837,1582.793,2.724330186843872,-1.4839963912963867,1.8129137754440308,0.00022319471463561058,-0.0017164248274639249,-0.002263271017000079
1778259634.088,1583.044,2.724087715148926,-1.4838356971740723,1.8129525184631348,-0.0006268022116273642,-0.002395638730376959,0.0011700787581503391
1778259634.338,1583.294,2.7225701808929443,-1.4841291904449463,1.8142197132110596,0.00017730076797306538,0.00023710017558187246,-0.0016971433069556952
1778259634.589,1583.545,2.723029136657715,-1.4839345216751099,1.8135638236999512,0.0015829282347112894,-0.0007416532607749104,0.002756208647042513
1778259634.840,1583.796,2.722067356109619,-1.4836136102676392,1.8142554759979248,-0.0006071466486901045,0.003145370166748762,0.0008066426962614059
1778259635.091,1584.047,2.721539258956909,-1.4831615686416626,1.8145235776901245,0.002659647259861231,-0.003210946684703231,-0.0009739710949361324
1778259635.341,1584.297,2.722257137298584,-1.482884168624878,1.8136074542999268,0.000656073447316885,-0.0009459087159484625,-0.0004698755219578743
1778259635.592,1584.548,2.721346855163574,-1.4835259914398193,1.8142521381378174,-0.00029904255643486977,0.0017808109987527132,0.00029905466362833977
1778259635.843,1584.799,2.721327066421509,-1.4840219020843506,1.8141056299209595,-4.677567631006241e-06,0.001583697972819209,0.0011978070251643658
1778259636.093,1585.049,2.7210566997528076,-1.4839200973510742,1.8143056631088257,0.0006348590832203627,-0.007457597181200981,-0.001231821021065116
1778259636.344,1585.300,2.7209715843200684,-1.4841601848602295,1.8141440153121948,0.0002328378614038229,-0.0034613441675901413,-0.0010309675708413124
1778259636.595,1585.551,2.722929000854492,-1.4840788841247559,1.8121000528335571,0.0021173327695578337,-0.0072844671085476875,-0.004472498781979084
1778259636.846,1585.802,2.7221312522888184,-1.4846783876419067,1.8126362562179565,-0.00027959072031080723,-0.0027838293462991714,0.00024043768644332886
1778259637.096,1586.052,2.7231061458587646,-1.4840610027313232,1.8115253448486328,-0.0014877596404403448,0.0007411468541249633,0.0009122439660131931
1778259637.347,1586.303,2.724287748336792,-1.483368158340454,1.8102244138717651,-2.764398232102394e-06,-0.00397881306707859,-0.001819730969145894
1778259637.598,1586.554,2.724348306655884,-1.4823360443115234,1.810103178024292,0.0011125949677079916,-0.005861480720341206,-0.0007493314333260059
1778259637.849,1586.805,2.7249767780303955,-1.4829962253570557,1.8093348741531372,0.00010539381764829159,0.0023749093525111675,0.007976960390806198
1778259638.100,1587.056,2.7260303497314453,-1.4821715354919434,1.808268427848816,0.0003413478843867779,-0.009768931195139885,-0.0027288624551147223
1778259638.351,1587.307,2.740980863571167,-1.4789711236953735,1.7933090925216675,0.00031591346487402916,-0.017132654786109924,0.0015251277945935726
1778259638.551,1587.507,2.7336583137512207,-1.4803352355957031,1.8004885911941528,-0.00020786980167031288,0.02669050358235836,0.0006826957687735558
1778259638.802,1587.758,2.72469162940979,-1.4828698635101318,1.8092577457427979,-0.0006996714510023594,0.008373926393687725,0.0035186419263482094
1778259639.053,1588.009,2.7234508991241455,-1.483730673789978,1.8102999925613403,-0.00016399030573666096,0.001718263840302825,0.0012452458031475544
1778259639.303,1588.259,2.725965976715088,-1.482824444770813,1.8077003955841064,-0.00021966570056974888,0.002500224858522415,0.0015863976441323757
1778259639.554,1588.510,2.7274677753448486,-1.4826868772506714,1.805996298789978,-0.0013633801136165857,1.8768711015582085e-05,-8.466839790344238e-05
1778259639.805,1588.761,2.730268716812134,-1.4822368621826172,1.8030411005020142,0.00030492222867906094,-0.01636001095175743,-0.0007774243131279945
1778259640.056,1589.012,2.7599432468414307,-1.4759795665740967,1.773600459098816,0.004852745682001114,-0.035261839628219604,0.0007875547744333744
1778259640.307,1589.263,2.761630058288574,-1.4758141040802002,1.7717654705047607,-0.003793183248490095,0.01496896892786026,-0.0036878036335110664
1778259640.558,1589.513,2.7496259212493896,-1.4783000946044922,1.7837104797363281,2.9167160391807556e-05,0.013451059348881245,-0.0001462167128920555
1778259640.808,1589.764,2.7380075454711914,-1.4806768894195557,1.7952550649642944,-0.0003913678228855133,0.025369716808199883,-0.0002931300550699234
1778259641.059,1590.015,2.7456350326538086,-1.4791038036346436,1.787663221359253,8.267327211797237e-05,-0.023973118513822556,0.0014258264563977718
1778259641.310,1590.266,2.7499301433563232,-1.4779014587402344,1.783321738243103,-0.000403017969802022,-0.017734093591570854,-0.0014926919247955084
1778259641.560,1590.516,2.7607791423797607,-1.475699782371521,1.7723597288131714,-0.0013994525652378798,0.015275534242391586,-0.0006398856639862061
1778259641.811,1590.767,2.7578248977661133,-1.4763718843460083,1.7752366065979004,0.0003970505204051733,0.009946878999471664,0.00029959995299577713
1778259642.062,1591.018,2.7400360107421875,-1.4799933433532715,1.7929900884628296,-0.0013108211569488049,0.016436520963907242,0.0007542031817138195
1778259642.313,1591.269,2.7335987091064453,-1.4813764095306396,1.7993799448013306,-0.0006284802220761776,-0.0017581400461494923,-8.94106924533844e-05
1778259642.564,1591.520,2.7330973148345947,-1.4817026853561401,1.799906611442566,0.0005091181956231594,0.0005850484594702721,0.0007219850085675716
1778259642.815,1591.771,2.735177516937256,-1.481231689453125,1.7978847026824951,0.00022090738639235497,-0.017513858154416084,0.0016038278117775917
1778259643.065,1592.021,2.7514941692352295,-1.4784841537475586,1.7815032005310059,0.0008078084792941809,0.013861969113349915,0.0013636229559779167
1778259643.316,1592.272,2.7403945922851562,-1.4806087017059326,1.7925775051116943,0.0001653281506150961,0.004994918592274189,0.0004361630417406559
1778259643.567,1592.523,2.7312326431274414,-1.4827240705490112,1.8015953302383423,0.0007460347842425108,0.000638060737401247,0.0014849337749183178
1778259643.818,1592.774,2.731537103652954,-1.482583999633789,1.8012980222702026,0.00011552381329238415,-0.0009133154526352882,0.00126679427921772
1778259644.068,1593.024,2.735623598098755,-1.4813463687896729,1.797211766242981,-0.0006649040151387453,0.007037591189146042,0.0003737262450158596
1778259644.319,1593.275,2.7355761528015137,-1.4811936616897583,1.7970651388168335,-0.0004980762023478746,0.0032733052503317595,-0.001518851611763239
1778259644.570,1593.526,2.7333781719207764,-1.48194420337677,1.7991392612457275,-0.0005186202470213175,-4.5795226469635963e-05,0.0006368774920701981
1778259644.821,1593.777,2.7351021766662598,-1.4814611673355103,1.7973756790161133,7.759011350572109e-05,-0.005998598411679268,0.0004530041478574276
1778259645.072,1594.028,2.7376277446746826,-1.480867862701416,1.794787049293518,5.360366776585579e-05,-0.000578202772885561,0.000508810393512249
1778259645.323,1594.279,2.736248016357422,-1.480981469154358,1.7961336374282837,1.1620577424764633e-05,-0.0020702588371932507,-0.0016098986379802227
1778259645.573,1594.529,2.733001708984375,-1.4817214012145996,1.799405813217163,-0.0004318677820265293,0.004975336138159037,0.0012444094754755497
1778259645.824,1594.780,2.732916831970215,-1.4818663597106934,1.7995535135269165,0.00031384779140353203,-0.0014982339926064014,0.0006046895869076252
1778259646.075,1595.031,2.7328453063964844,-1.4819118976593018,1.799551248550415,-0.00014492333866655827,0.0007653506472706795,3.2792333513498306e-05
1778259646.326,1595.282,2.7322146892547607,-1.481950283050537,1.8000775575637817,-0.0006436372641474009,0.002469387138262391,8.267350494861603e-06
1778259646.578,1595.534,2.7312355041503906,-1.482259750366211,1.8008939027786255,-0.00021303934045135975,0.0014136480167508125,-2.116197720170021e-05
1778259646.829,1595.785,2.7314627170562744,-1.4822847843170166,1.8005274534225464,0.0005169797223061323,-0.0013532270677387714,-0.0007140981033444405
1778259647.080,1596.036,2.7311148643493652,-1.482367753982544,1.8007053136825562,-0.0010149551089853048,0.002034279052168131,3.076903522014618e-05
1778259647.331,1596.287,2.730393886566162,-1.482702374458313,1.801254153251648,-0.000303938752040267,-0.00107674952596426,-0.0003938176669180393
1778259647.582,1596.538,2.730557441711426,-1.4826407432556152,1.8008004426956177,0.00031488784588873386,-0.001986847259104252,-1.8197577446699142e-05
1778259647.833,1596.789,2.7312443256378174,-1.4824777841567993,1.7998332977294922,-0.0006470957305282354,0.0012943283654749393,0.00048336200416088104
1778259648.083,1597.039,2.7306220531463623,-1.4826374053955078,1.8003671169281006,0.0006803795695304871,-0.0020214025862514973,0.0007083415985107422
1778259648.334,1597.290,2.73028826713562,-1.4826874732971191,1.8006383180618286,-0.0026835710741579533,0.0038617406971752644,0.0007110442966222763
1778259648.585,1597.541,2.7296254634857178,-1.4827932119369507,1.8012080192565918,0.002042270265519619,0.0010495008900761604,-0.0013365726917982101
1778259648.837,1597.793,2.7299063205718994,-1.4821809530258179,1.800459384918213,0.001452622003853321,-0.0008357181213796139,-0.0014216951094567776
1778259649.088,1598.044,2.7287538051605225,-1.4819811582565308,1.8009231090545654,-0.00024596904404461384,0.002549230121076107,0.0018963385373353958
1778259649.339,1598.295,2.7273833751678467,-1.483625888824463,1.8011404275894165,0.00047308183275163174,-0.0010978886857628822,0.0008318806067109108
1778259649.590,1598.546,2.7298455238342285,-1.4828237295150757,1.7979570627212524,0.0002593107055872679,-0.00837767031043768,-0.0017599968705326319
1778259649.841,1598.797,2.732039213180542,-1.4816699028015137,1.7950166463851929,-0.0017362122889608145,0.007018439471721649,0.0018616877496242523
1778259650.092,1599.048,2.7318053245544434,-1.4816617965698242,1.7943496704101562,-0.0026264528278261423,0.009189005009829998,0.0012831524945795536
1778259650.342,1599.298,2.730604887008667,-1.48199462890625,1.7947067022323608,0.0008121910504996777,-0.00861507561057806,-0.0010908828116953373
1778259650.593,1599.549,2.7295334339141846,-1.4830554723739624,1.7948533296585083,0.002310485113412142,-0.0004885978996753693,-0.00014744559302926064
1778259650.844,1599.800,2.7306251525878906,-1.4831997156143188,1.7931530475616455,0.0007264320738613605,-0.004156357608735561,-0.0011347541585564613
1778259651.095,1600.051,2.7320070266723633,-1.4828678369522095,1.7911101579666138,-0.0009171459823846817,-0.0027776649221777916,0.0011704247444868088
1778259651.345,1600.301,2.731473922729492,-1.4830092191696167,1.7910404205322266,0.000155583955347538,0.0014140828279778361,0.0012449701316654682
1778259651.596,1600.552,2.7315080165863037,-1.482493281364441,1.7903493642807007,-0.001782319974154234,0.006285354495048523,0.0013327384367585182
1778259651.847,1600.803,2.7301719188690186,-1.482795238494873,1.79084050655365,-0.000322587788105011,0.0031096949242055416,0.0007543177343904972
1778259652.098,1601.054,2.7297427654266357,-1.4830859899520874,1.790582537651062,0.0006789145991206169,-0.005041245371103287,-0.0021865200251340866
1778259652.348,1601.304,2.729604482650757,-1.4834166765213013,1.790063738822937,-0.001713103847578168,-0.003610383253544569,-0.0011468802113085985
1778259652.599,1601.555,2.732243061065674,-1.48313570022583,1.787110447883606,0.0006251733284443617,-0.00264991307631135,0.0002585314214229584
1778259652.850,1601.806,2.732576370239258,-1.482972502708435,1.786346673965454,0.000432037515565753,-0.000908722635358572,0.0003129197284579277
1778259653.051,1602.007,2.7330007553100586,-1.4828740358352661,1.7853931188583374,-0.0014207970816642046,-0.00013491837307810783,-0.0008180500008165836
1778259653.302,1602.257,2.7323241233825684,-1.4831098318099976,1.7853507995605469,-0.0017309673130512238,0.0002134285168722272,0.0012926640920341015
1778259653.552,1602.508,2.7318027019500732,-1.4831609725952148,1.7854359149932861,-0.0007275198586285114,0.0039207483641803265,0.003933906089514494
1778259653.803,1602.759,2.730386257171631,-1.4840025901794434,1.7863761186599731,0.0018179570324718952,0.005931188818067312,-0.002986245322972536
1778259654.055,1603.011,2.7309658527374268,-1.4838240146636963,1.7856096029281616,-8.29482451081276e-06,-0.004825269337743521,-0.0026855396572500467
1778259654.305,1603.261,2.7323262691497803,-1.4833320379257202,1.784140706062317,-0.0004969483707100153,-0.004259737208485603,-0.0016710807103663683
1778259654.557,1603.513,2.732715129852295,-1.4831336736679077,1.783440113067627,-0.001194244483485818,-0.00010300253052264452,-0.0009995473083108664
1778259654.808,1603.764,2.7326126098632812,-1.4834794998168945,1.7828868627548218,-0.0029610225465148687,0.002784164622426033,0.0007555307820439339
1778259655.059,1604.015,2.731779098510742,-1.4840314388275146,1.7829182147979736,0.0007615860085934401,0.001046357094310224,-0.0011537880636751652
1778259655.310,1604.266,2.7315683364868164,-1.483846664428711,1.7825706005096436,-3.5125529393553734e-05,-0.001918345456942916,-0.002118381205946207
1778259655.561,1604.517,2.731865167617798,-1.4839277267456055,1.781827449798584,-0.0009812514763325453,0.0025766727048903704,0.00011771824210882187
1778259655.812,1604.768,2.7315406799316406,-1.4839750528335571,1.781844139099121,-0.0008647942449897528,-0.002307248068973422,-0.0017582813743501902
1778259656.063,1605.019,2.731419086456299,-1.4838645458221436,1.7819379568099976,0.0001314834225922823,-0.003483091713860631,-0.0022920514456927776
1778259656.313,1605.269,2.7313075065612793,-1.4836889505386353,1.7819981575012207,-0.0006517283618450165,-0.0020506824366748333,-0.00270079611800611
1778259656.564,1605.520,2.730135202407837,-1.483414649963379,1.7828497886657715,-0.0028682262636721134,0.002986854873597622,0.0009611700661480427
1778259656.815,1605.771,2.7289998531341553,-1.484000563621521,1.7836112976074219,0.0011202916502952576,0.00017362541984766722,-0.002134454669430852
1778259657.066,1606.022,2.7286651134490967,-1.4842629432678223,1.7836122512817383,-0.004094988573342562,0.0035966006107628345,0.002000369131565094
1778259657.319,1606.275,2.7281525135040283,-1.4840638637542725,1.7837703227996826,-0.00011184439063072205,0.001959363929927349,0.0007774559780955315
1778259657.570,1606.526,2.7281267642974854,-1.4838370084762573,1.7834690809249878,-0.0019694860093295574,-0.0001119811786338687,0.001560367178171873
1778259657.821,1606.777,2.7283828258514404,-1.4834227561950684,1.7828575372695923,0.0003596693277359009,-0.0036216340959072113,-0.003039638279005885
1778259658.072,1607.028,2.728487253189087,-1.483523964881897,1.782408595085144,0.00042642001062631607,0.0014939435059204698,-0.00025878287851810455
1778259658.322,1607.278,2.72786021232605,-1.4837251901626587,1.7825074195861816,-0.0026557808741927147,0.0003008830826729536,-0.0011545266024768353
1778259658.575,1607.531,2.7279880046844482,-1.4836300611495972,1.7819812297821045,0.0004097060300409794,-0.0026589601766318083,-0.0025563924573361874
1778259658.825,1607.781,2.7278425693511963,-1.483795166015625,1.781882882118225,-0.0017759576439857483,-0.0031108928378671408,-0.001835101516917348
1778259659.076,1608.032,2.72839093208313,-1.484127163887024,1.7810252904891968,-0.0017541185952723026,0.0019166050478816032,0.0034060473553836346
1778259659.327,1608.283,2.728044033050537,-1.484140157699585,1.781244158744812,-0.0015809813048690557,0.002314748475328088,0.0026533883064985275
1778259659.577,1608.533,2.7269020080566406,-1.4841904640197754,1.7822166681289673,-0.00014445441775023937,-0.0014042325783520937,-0.0015687039121985435
1778259659.829,1608.785,2.7276370525360107,-1.4839338064193726,1.7812892198562622,0.0016092539299279451,-0.00185118499211967,-0.0011628016363829374
1778259660.080,1609.036,2.7280983924865723,-1.4835944175720215,1.78046715259552,0.0001496721524745226,-0.0005041032563894987,-0.0024633926805108786
1778259660.331,1609.287,2.7277467250823975,-1.483778715133667,1.7803138494491577,0.00044001778587698936,-0.000503088696859777,-0.0030397942755371332
1778259660.582,1609.538,2.72794246673584,-1.4837732315063477,1.7796634435653687,-0.0012677167542278767,-0.0023298938758671284,-0.0002443394623696804
1778259660.832,1609.788,2.7278685569763184,-1.4836457967758179,1.779431700706482,-0.0020734481513500214,-0.0014496933436021209,-0.002592506818473339
1778259661.083,1610.039,2.727250337600708,-1.483856201171875,1.7797411680221558,-0.0002291160635650158,0.0009767288574948907,-0.00047813262790441513
1778259661.334,1610.290,2.7272329330444336,-1.4839016199111938,1.7795499563217163,-0.0005123072769492865,0.001752892741933465,0.002148748841136694
1778259661.585,1610.541,2.727445602416992,-1.4835389852523804,1.7791355848312378,0.00037120026536285877,-0.0011618176940828562,0.001022671815007925
1778259661.835,1610.791,2.7266528606414795,-1.483647108078003,1.7795110940933228,0.00039939326234161854,-0.002568659605458379,-0.002565777627751231
1778259662.086,1611.042,2.726379156112671,-1.4836697578430176,1.7793660163879395,-0.0005794947501271963,0.0013097345363348722,0.00012152502313256264
1778259662.337,1611.293,2.7250123023986816,-1.4839200973510742,1.7802497148513794,-0.0009619893971830606,0.0007978575304150581,-0.002014271216467023
1778259662.590,1611.546,2.7252588272094727,-1.4838446378707886,1.7796725034713745,-0.00012360257096588612,0.00040930695831775665,-0.0005830745212733746
1778259662.841,1611.797,2.726029396057129,-1.4839009046554565,1.7785078287124634,-0.0006881647277623415,-0.0034542400389909744,-0.002157368464395404
1778259663.092,1612.048,2.7264316082000732,-1.4835889339447021,1.7777512073516846,-0.0020939006935805082,0.001541050849482417,0.0020653889514505863
1778259663.344,1612.299,2.7271780967712402,-1.4833811521530151,1.7768231630325317,-0.000821808585897088,-0.005024363286793232,-0.0001299888826906681
1778259663.594,1612.550,2.7271506786346436,-1.4834911823272705,1.7766292095184326,-0.0006112216506153345,0.005265210289508104,0.0025926469825208187
1778259663.846,1612.802,2.7264513969421387,-1.4832985401153564,1.7770957946777344,-0.002311914460733533,0.008483302779495716,0.005507939960807562
1778259664.097,1613.053,2.726106643676758,-1.4837944507598877,1.7770178318023682,0.000291317468509078,0.001499137026257813,-0.0014790701679885387
1778259664.348,1613.304,2.725905418395996,-1.4834856986999512,1.776899814605713,0.00045892177149653435,-0.002742702839896083,-0.0023657656274735928
1778259664.599,1613.555,2.7259020805358887,-1.4832686185836792,1.776673436164856,-0.0018301140516996384,-0.0045556118711829185,-0.00151376286521554
1778259664.849,1613.805,2.7253661155700684,-1.483214020729065,1.7770692110061646,0.0010387743823230267,-0.0026404985692352057,-0.0007080980576574802
1778259665.100,1614.056,2.7250728607177734,-1.4833265542984009,1.7771100997924805,-0.0012142467312514782,-0.0035302562173455954,-0.002676471835002303
1778259665.302,1614.258,2.72587251663208,-1.484078288078308,1.7760628461837769,-0.0064628878608345985,0.024541543796658516,0.008456267416477203
1778259665.552,1614.508,2.724491596221924,-1.4847220182418823,1.7770968675613403,-0.004454491659998894,0.013853027485311031,0.005759501829743385
1778259665.803,1614.759,2.7266533374786377,-1.4841361045837402,1.7747048139572144,-0.001069544581696391,0.0002105379244312644,0.002952589187771082
1778259666.054,1615.010,2.726840019226074,-1.4841519594192505,1.7741328477859497,-0.0006845861207693815,0.0006486623315140605,-0.0010676863603293896
1778259666.305,1615.261,2.725900411605835,-1.484665870666504,1.7747554779052734,0.0006626707036048174,0.003455675207078457,-0.003060193033888936
1778259666.555,1615.511,2.725480556488037,-1.4846763610839844,1.7747546434402466,-0.0037745225708931684,0.004430100787431002,-0.001579104457050562
1778259666.807,1615.763,2.7129788398742676,-1.4843961000442505,1.7865973711013794,-0.0016135394107550383,-0.014829576015472412,-0.008440690115094185
1778259667.057,1616.013,2.7126152515411377,-1.4838850498199463,1.7867604494094849,-0.0013738262932747602,0.0002772281877696514,0.0021275198087096214
1778259667.309,1616.265,2.713176965713501,-1.4841264486312866,1.7859632968902588,-0.0036667087115347385,0.0010175507050007582,0.0012240475043654442
1778259667.560,1616.516,2.713663101196289,-1.4841526746749878,1.7852437496185303,-0.0024743173271417618,-0.014158632606267929,-0.004729226231575012
1778259667.811,1616.767,2.712249755859375,-1.4848135709762573,1.7864447832107544,-0.002536201383918524,0.009936589747667313,0.00417507765814662
1778259668.062,1617.018,2.711869478225708,-1.4849157333374023,1.7866737842559814,0.002495605032891035,-0.005796992219984531,-0.0005035456269979477
1778259668.313,1617.269,2.7155871391296387,-1.485068678855896,1.7827972173690796,-0.0015378312673419714,-0.002614536788314581,-0.0015309755690395832
1778259668.563,1617.519,2.7175703048706055,-1.485929250717163,1.7807618379592896,-0.002903848187997937,-9.474379476159811e-05,0.0003788387402892113
1778259668.814,1617.770,2.7182610034942627,-1.4878005981445312,1.7800612449645996,-0.0051892222836613655,0.008839741349220276,0.006171500310301781
1778259669.065,1618.021,2.7215023040771484,-1.4904156923294067,1.7769142389297485,-0.001159399515017867,-0.006217767018824816,-0.00038434145972132683
1778259669.316,1618.272,2.722200393676758,-1.490505576133728,1.776422142982483,-0.0028015796560794115,-0.005972891580313444,-0.002841806970536709
1778259669.567,1618.523,2.725005865097046,-1.49014151096344,1.7738019227981567,-0.0031738148536533117,0.0028759767301380634,0.003804745152592659
1778259669.818,1618.774,2.725001811981201,-1.4902215003967285,1.7737783193588257,-0.003338314825668931,0.0019539184868335724,0.002586809918284416
1778259670.069,1619.025,2.722360134124756,-1.4908899068832397,1.776162028312683,0.0009502733591943979,0.005007064901292324,0.0018606716766953468
1778259670.319,1619.275,2.7208826541900635,-1.491498589515686,1.7771881818771362,-0.0002107704058289528,0.007472979836165905,0.003309441264718771
1778259670.570,1619.526,2.7212467193603516,-1.4917412996292114,1.7765816450119019,0.0032734256237745285,0.002663874067366123,0.00013079866766929626
1778259670.823,1619.779,2.7207484245300293,-1.4916975498199463,1.7769277095794678,-0.00268167769536376,-0.00412753876298666,-0.00117041589692235
1778259671.073,1620.029,2.721742630004883,-1.4918371438980103,1.776008129119873,-0.004942117724567652,-0.004373346455395222,0.001257014460861683
1778259671.324,1620.280,2.7212917804718018,-1.4915655851364136,1.7765721082687378,-0.005725352559238672,-0.004266403149813414,-0.00018604891374707222
1778259671.575,1620.531,2.7207529544830322,-1.4916402101516724,1.7771363258361816,-0.004880792461335659,-0.002744626719504595,-0.00021909968927502632
1778259671.826,1620.782,2.718898296356201,-1.4922775030136108,1.7788008451461792,-0.003787357360124588,0.002155903959646821,0.0028352094814181328
1778259672.078,1621.034,2.719555139541626,-1.4924699068069458,1.7779442071914673,0.0005603213794529438,0.0015675167087465525,0.0011422098614275455
1778259672.328,1621.284,2.71815824508667,-1.4922994375228882,1.7792422771453857,0.0019695202354341745,0.006466622930020094,-0.0011353474110364914
1778259672.579,1621.535,2.713961124420166,-1.4912424087524414,1.783390760421753,0.0025771998334676027,-0.007743892725557089,-0.006717891898006201
1778259672.830,1621.786,2.7133419513702393,-1.488406777381897,1.7842942476272583,-0.0044960929080843925,-0.008777454495429993,-0.004938194993883371
1778259673.081,1622.037,2.7118570804595947,-1.4896105527877808,1.78578519821167,-0.0027937174309045076,0.003189338371157646,0.003890074323862791
1778259673.332,1622.288,2.7126505374908447,-1.4897819757461548,1.784974217414856,-0.004875704646110535,0.008214225992560387,0.00015168963000178337
1778259673.582,1622.538,2.7168240547180176,-1.4892827272415161,1.7811788320541382,-0.002056557685136795,-0.006411474198102951,0.0012091128155589104
1778259673.833,1622.789,2.723484992980957,-1.4891021251678467,1.7749606370925903,-0.0034762858413159847,0.002809166442602873,0.005141596309840679
1778259674.084,1623.040,2.72387957572937,-1.4900188446044922,1.774448275566101,-0.0006110537797212601,0.000957334297709167,6.491784006357193e-05
1778259674.335,1623.291,2.721273899078369,-1.4894931316375732,1.7769495248794556,0.0008045879658311605,0.002453736960887909,-0.003173873294144869
1778259674.586,1623.542,2.7095117568969727,-1.4895856380462646,1.7885653972625732,0.004377040080726147,-0.011272705160081387,-0.007869722321629524
1778259674.837,1623.793,2.7082533836364746,-1.4874168634414673,1.7901487350463867,-0.0018249216955155134,0.0006206489633768797,-0.0019480753690004349
1778259675.088,1624.043,2.709737777709961,-1.4861278533935547,1.7888848781585693,-0.00019245618022978306,-0.015850866213440895,-0.005704682786017656
1778259675.338,1624.294,2.707306385040283,-1.486367106437683,1.7912760972976685,-0.00458925124257803,-0.005876932293176651,-0.0008860649541020393
1778259675.589,1624.545,2.7063426971435547,-1.4862130880355835,1.7921937704086304,-0.0051598623394966125,0.004896117839962244,0.0016870135441422462
1778259675.840,1624.796,2.705030679702759,-1.4868732690811157,1.7935130596160889,-0.00017732824198901653,0.016246121376752853,0.005933920852839947
1778259676.091,1625.047,2.7043139934539795,-1.4878437519073486,1.7943791151046753,-0.0007864858489483595,0.0022390438243746758,0.0006477483548223972
1778259676.343,1625.299,2.70546817779541,-1.4872074127197266,1.7934465408325195,-0.003917335066944361,0.0006126806838437915,0.0024847304448485374
1778259676.593,1625.549,2.7038397789001465,-1.4874218702316284,1.7953636646270752,-0.002565906383097172,0.0123719098046422,0.001784066203981638
1778259676.844,1625.800,2.7054147720336914,-1.4870156049728394,1.7939136028289795,0.0030509070493280888,-0.007679717615246773,-0.003960414789617062
1778259677.095,1626.051,2.7059524059295654,-1.4874461889266968,1.7935607433319092,-0.0027961903251707554,-0.006609220057725906,-0.0026603336445987225
1778259677.346,1626.302,2.704685688018799,-1.4875894784927368,1.794913411140442,-0.004154864698648453,-0.014818514697253704,-0.0020858487114310265
1778259677.597,1626.553,2.705152750015259,-1.487069010734558,1.7945247888565063,-0.00408100476488471,0.002289291936904192,0.001892333384603262
1778259677.848,1626.804,2.7028164863586426,-1.4874147176742554,1.7968934774398804,-0.003935720305889845,0.006108521483838558,0.0026343469507992268
1778259678.098,1627.054,2.7040631771087646,-1.4867751598358154,1.7959452867507935,0.004645031411200762,0.007053850218653679,0.0018139630556106567
1778259678.349,1627.305,2.7048206329345703,-1.4865291118621826,1.7954999208450317,-4.1750259697437286e-05,0.006776817142963409,0.003421428147703409
1778259678.600,1627.556,2.705287218093872,-1.4860235452651978,1.7954896688461304,0.001375218853354454,0.0009174216538667679,0.0018990617245435715
1778259678.801,1627.757,2.7055208683013916,-1.4851661920547485,1.7957031726837158,0.0032240161672234535,-0.011390011757612228,-0.006662160623818636
1778259679.052,1628.008,2.705794334411621,-1.4848191738128662,1.7958558797836304,-0.00419840682297945,0.008787139318883419,0.004341399762779474
1778259679.303,1628.259,2.7078182697296143,-1.4837567806243896,1.7941466569900513,-0.0018103222828358412,-0.007372546941041946,-0.0006605642847716808
1778259679.553,1628.509,2.7063910961151123,-1.4850276708602905,1.7956470251083374,0.0004367607180029154,0.006978999823331833,0.0037154085002839565
1778259679.804,1628.760,2.7014377117156982,-1.488822102546692,1.800452470779419,0.0002382586244493723,0.009855001233518124,0.0057265725918114185
1778259680.056,1629.011,2.699834108352661,-1.4896429777145386,1.8021224737167358,-0.0009948562365025282,0.0192561037838459,0.007564592640846968
1778259680.306,1629.262,2.7037806510925293,-1.4873374700546265,1.7983496189117432,0.0010675564408302307,0.02915092557668686,0.005739517975598574
1778259680.557,1629.513,2.7048075199127197,-1.4863104820251465,1.7974249124526978,0.00243394635617733,0.016334757208824158,0.0038347835652530193
1778259680.808,1629.764,2.703342914581299,-1.4865751266479492,1.799119472503662,0.00319676473736763,-0.004356726072728634,-0.002360564423725009
1778259681.059,1630.015,2.705634355545044,-1.4853930473327637,1.7971540689468384,-0.003600328229367733,-0.01251254789531231,-0.003532503265887499
1778259681.309,1630.265,2.7025086879730225,-1.4886795282363892,1.8005493879318237,-0.004665345884859562,0.008885271847248077,0.0016012168489396572
1778259681.562,1630.518,2.705096483230591,-1.4873625040054321,1.7981928586959839,-0.004221710376441479,0.004891222342848778,0.002891841344535351
1778259681.813,1630.769,2.70522141456604,-1.4877920150756836,1.7981637716293335,-0.003515091957524419,-0.00966597069054842,-0.0016443007625639439
1778259682.064,1631.020,2.703794240951538,-1.4881010055541992,1.799578070640564,0.0034577965270727873,0.014229584485292435,0.004628438968211412
1778259682.315,1631.271,2.7050628662109375,-1.487799882888794,1.7983418703079224,0.0016947314143180847,-0.0009280630620196462,0.0007324782200157642
1778259682.566,1631.522,2.7056219577789307,-1.4869998693466187,1.7980226278305054,0.0022568656131625175,-0.0001224722946062684,-0.0026713134720921516
1778259682.817,1631.773,2.7067368030548096,-1.4852087497711182,1.7973936796188354,-0.0031201322562992573,0.010081369429826736,0.0026164352893829346
1778259683.068,1632.024,2.7043275833129883,-1.4854706525802612,1.7999376058578491,-0.001651060301810503,-0.00802422035485506,-0.004047142807394266
1778259683.319,1632.275,2.704782009124756,-1.4853099584579468,1.7995671033859253,-0.003184838918969035,0.017828645184636116,0.005584537982940674
1778259683.570,1632.526,2.7062442302703857,-1.4839022159576416,1.7983498573303223,-0.0037617513444274664,0.0020812468137592077,0.0022923778742551804
1778259683.821,1632.777,2.705554962158203,-1.484920620918274,1.7993130683898926,-0.003119993256404996,0.022626172751188278,0.00856548547744751
1778259684.072,1633.028,2.7053050994873047,-1.4851529598236084,1.7996667623519897,0.0023546379525214434,-0.00512870866805315,0.0011164643801748753
1778259684.323,1633.279,2.7057223320007324,-1.4852638244628906,1.799371600151062,0.003452407196164131,0.014955502934753895,0.003654626663774252
1778259684.574,1633.530,2.7035608291625977,-1.4869037866592407,1.8014603853225708,0.004507231526076794,0.008689790964126587,0.004073495510965586
1778259684.825,1633.781,2.7096500396728516,-1.4837368726730347,1.795664668083191,0.006068091839551926,-0.065764419734478,-0.024156106635928154
1778259685.076,1634.032,2.7082834243774414,-1.484327793121338,1.7971398830413818,-0.0040382156148552895,-0.002967118751257658,0.0010827849619090557
1778259685.327,1634.283,2.705564022064209,-1.4867162704467773,1.8000171184539795,-0.004789835773408413,0.003771489020437002,0.00356484018266201
1778259685.578,1634.534,2.707853078842163,-1.4864081144332886,1.7978991270065308,0.0032121555414050817,0.016134895384311676,0.005136868916451931
1778259685.829,1634.784,2.706519842147827,-1.4868433475494385,1.7992113828659058,-0.0029228648636490107,0.018078839406371117,0.00802812073379755
1778259686.079,1635.035,2.708646774291992,-1.486326813697815,1.7972451448440552,0.0036951543297618628,0.005862951744347811,0.0007458473555743694
1778259686.330,1635.286,2.7076034545898438,-1.4864144325256348,1.7983406782150269,0.0015602775383740664,0.021478908136487007,0.005891396664083004
1778259686.582,1635.538,2.7089829444885254,-1.4855077266693115,1.7971893548965454,0.003246854292228818,-0.0038360662292689085,0.0008119447156786919
1778259686.834,1635.790,2.7086870670318604,-1.484828233718872,1.7976385354995728,0.00395288597792387,-0.0003575680311769247,-0.0017691608518362045
1778259687.084,1636.040,2.7088568210601807,-1.4847588539123535,1.7974122762680054,-0.00232332875020802,-0.010634363628923893,-0.004514094442129135
1778259687.335,1636.291,2.7081823348999023,-1.484920620918274,1.798038363456726,-0.0019788919016718864,0.0015541352331638336,-0.0022952884901314974
1778259687.586,1636.542,2.706510305404663,-1.4846582412719727,1.799568772315979,-0.0007138694636523724,0.003740523708984256,0.002294055186212063
1778259687.837,1636.793,2.70684814453125,-1.4839551448822021,1.7994762659072876,-0.0005291453562676907,0.004898427054286003,0.0033117784187197685
1778259688.088,1637.044,2.7050421237945557,-1.4843090772628784,1.8015319108963013,0.002520411740988493,0.002335938159376383,0.002653207629919052
1778259688.338,1637.294,2.7055325508117676,-1.4841457605361938,1.801062822341919,0.0015945292543619871,0.0014134841039776802,-0.000770950224250555
1778259688.589,1637.545,2.706056833267212,-1.4842870235443115,1.800520896911621,0.0018320835661143064,-0.0071480595506727695,-0.004226519260555506
